LIMS AR Template,AR Template
LIMS AR Template Item,AR Template Item
LIMS Analysis Category,Analysis Category
LIMS Analysis Profile,Analysis Profile
LIMS Analysis Profile Item,Analysis Profile Item
LIMS Analysis Service,Analysis Service
LIMS Attachment Type,Attachment Type
LIMS Audit Log,Audit Log
LIMS Batch,Batch
LIMS Client,Client
LIMS Container Type,Container Type
LIMS Critical Notification,Critical Notification
LIMS Department,Department
LIMS EQA Plan,EQA Plan
LIMS EQA Result,EQA Result
LIMS Financial Overview,Financial Overview
LIMS IQC Run,IQC Run
LIMS Instrument,Instrument
LIMS Instrument Location,Instrument Location
LIMS Instrument Message,Instrument Message
LIMS Instrument Type,Instrument Type
LIMS Interpretation Template,Interpretation Template
LIMS Label,Label
LIMS Label Batch,Label Batch
LIMS Label Batch Item,Label Batch Item
LIMS Label Template,Label Template
LIMS Method,Method
LIMS Reference Range Rule,Reference Range Rule
LIMS Rejection Reason,Rejection Reason
LIMS Sample,Sample
LIMS Sample Condition,Sample Condition
LIMS Sample Container,Sample Container
LIMS Sample Item,Sample Item
LIMS Sample Matrix,Sample Matrix
LIMS Sample Point,Sample Point
LIMS Sample Preservation,Sample Preservation
LIMS Sample Template,Sample Template
LIMS Sample Template Item,Sample Template Item
LIMS Sample Type,Sample Type
LIMS Settings,Settings
LIMS Specimen Event,Specimen Event
LIMS Storage Location,Storage Location
LIMS Worksheet,Worksheet
LIMS Worksheet Item,Worksheet Item
LIMS Worksheet Template,Worksheet Template
LIMS Worksheet Template Item,Worksheet Template Item
LIMS CAPA,CAPA
LIMS Results Report,Results Report
LIMS Analysis Specification,Analysis Specification
LIMS Instrument Mapping,Instrument Mapping
LIMS Instrument Mapping Item,Instrument Mapping Item
